title,header,link
Gilan Holdinq,"Gilan Tikinti. GILAN HOLDING-in tikinti sektoru əsas diqqətini Azərbaycanda yüksək səviyyəli tikinti işlərinin həyata keçirilməsinə yönəltmişdir. Inspection ...
",/url?q=https://www.gilanholding.com/&sa=U&ved=2ahUKEwjJw4DI3PDrAhVOwjgGHTwABMAQFjAAegQIBxAB&usg=AOvVaw0HHwD-r1D7FZlsXiNHGyuS
VAKANSİYALAR / Karyera / Gilan Holdinq, · ,/url?q=https://www.gilanholding.com/careers/vacancies&sa=U&ved=2ahUKEwjJw4DI3PDrAhVOwjgGHTwABMAQFjABegQIChAB&usg=AOvVaw3StM0B-nc9EJh30sOV3OY-
Gilan Holding — Vikipediya, · ,/url?q=https://az.wikipedia.org/wiki/Gilan_Holding&sa=U&ved=2ahUKEwjJw4DI3PDrAhVOwjgGHTwABMAQFjAMegQIAhAB&usg=AOvVaw2Xoz9S7rmsx-YgBTBq8tun
Gilan Holdinq-də ən son vakansiyalar | Edumap.az, · ,/url?q=https://edumap.az/gilan-holdinq-de-en-son-vakansiyalar/&sa=U&ved=2ahUKEwjJw4DI3PDrAhVOwjgGHTwABMAQFjARegQIBhAB&usg=AOvVaw1Qzm1HMcjSSCIoVCrp-ECA
"""Gilan Holding"" işçilər axtarır - VAKANSİYALAR - FED.az",... others) it has established itself as a world-class organisation. Günaydın · KFC · Qaya Real Estate · Vitafarma · Media · Karyera · Əlaqə · Gilan Holdinq · Karyera ...,/url?q=https://fed.az/az/biznes/gilan-holding-isciler-axtarir-vakansiyalar-65329&sa=U&ved=2ahUKEwjJw4DI3PDrAhVOwjgGHTwABMAQFjASegQICBAB&usg=AOvVaw3P3UzsYvyft0eNX8cQKB7A
"""Gilan Holdinq"" 19 vakansiya üzrə işçi axtarır! | Banco.az",: ,/url?q=https://banco.az/az/news/gilan-holdinq-33-vakansiya-uzre-isci-axtarir&sa=U&ved=2ahUKEwjJw4DI3PDrAhVOwjgGHTwABMAQFjATegQIAxAB&usg=AOvVaw03Ka4SUdEBbqw1pQy0lBgk
Gilan Holding | LinkedIn,: ,/url?q=https://www.linkedin.com/company/gilan-holding&sa=U&ved=2ahUKEwjJw4DI3PDrAhVOwjgGHTwABMAQFjAaegQIBBAB&usg=AOvVaw0vxaggrIzj_Htu2XH7kqm9
Gilan Holding - Admedia Reklam Agentliyi,Gilan Holdinq 1987-ci ildən Azərbaycanda irimiqyaslı layihələrə sərmayələr yatırır. Şirkət Azərbaycan iqtisadiyyatının dünya bazarında iştirakını təmin etməklə ...,/url?q=https://admedia.az/az/portfolio/gilan-holding&sa=U&ved=2ahUKEwjJw4DI3PDrAhVOwjgGHTwABMAQFjAbegQICRAB&usg=AOvVaw2nXqTliBdCv-8pEbBLW0t5
"""Gilan Holding""in və ona daxil olan bir sıra şirkətlərin nizamnamə ...",Təhlükəsizlik əməkdaşı (Qadın) Azərbaycan / Bakı Digər 28-03-2018 Ətraflı Baş Nəzarət Direktoru (Gilan Kənd Təsərrüfatı Qrupu) Azərbaycan / Bakı Kə.,/url?q=https://apa.az/az/sahibkarliq/gilan-holdingin-ve-ona-daxil-olan-bir-sira-sirketlerin-nizamname-kapitallarinin-artirilmasi-gozlenilir-538208&sa=U&ved=2ahUKEwjJw4DI3PDrAhVOwjgGHTwABMAQFjAcegQICxAB&usg=AOvVaw2yXDIQMhOOXFpEJHQ4vwF5
Carçıoğlu Group Vakansiya Elan Edir-Buqelemun | Tələbə Portalı,: ,/url?q=https://www.buqelemun.com/az/2020/carcioglu-group-vakansiya-elan-edir/&sa=U&ved=2ahUKEwiP1YDI3PDrAhXKxTgGHQQYCwAQFjAGegQICRAB&usg=AOvVaw3ngdMLw6oE9F9H8dgsM6Iv
Carçıoğlu Group işçi axtarır - VAKANSİYA - FED.az,"Carçıoğlu Group MMC fəaliyyətə başladığı andan etibarən professional səviyyədə möhkəmlənmək, fəaliyyətinin hüdudlarını genişləndirmək və xidmətlərinin ...",/url?q=https://fed.az/az/sosial/carcioglu-group-isci-axtarir-vakansiya-35310&sa=U&ved=2ahUKEwiP1YDI3PDrAhXKxTgGHQQYCwAQFjAHegQIChAB&usg=AOvVaw2BCPJ2D_ncstOu0gfMKlh5
"Carçıoğlu Group MMC — вакансия компании, информация о ...","FED.az xəbər verir ki, “Carçıoğlu Group” MMC şirkəti satış nümayəndəsi vakansiyalarını açıq elan edir. Namizədlərə olan tələblər: • Cinsi /K • Yaş həddi 23-30",/url?q=http://www.rabota.az/vacancy/company/16655&sa=U&ved=2ahUKEwiP1YDI3PDrAhXKxTgGHQQYCwAQFjAIegQIBhAB&usg=AOvVaw3ohCsFtpJSRoRnMmcQE0-D
Carçıoğlu Group şirkəti üzrə vakansiyalar— Offer.az,Carçıoğlu Qrup ” MMC bir distributor kimi qısa müddət ərzində Azərbaycan bazarında öz mövqeyini tutub və bu sahədə gördüyü işləri uğurla davam ...,/url?q=https://www.offer.az/sirket/carcioglu-group/&sa=U&ved=2ahUKEwiP1YDI3PDrAhXKxTgGHQQYCwAQFjAJegQIABAB&usg=AOvVaw2DJyfQ_ODE-laOqbjx6kls
Carçıoğlu Group (@carchioglugroup) • Instagram photos and videos,"Carçıoğlu Group üzrə vakansiya siyahısı - 2019/2020. Vakansiya, CV və digər məsələlərlə bağlı sualları support@offer.az elektron ünvanına göndərə bilərsiniz.",/url?q=https://www.instagram.com/carchioglugroup/&sa=U&ved=2ahUKEwiP1YDI3PDrAhXKxTgGHQQYCwAQFjAKegQICBAB&usg=AOvVaw1ygANYzotTfgEtw5UoCAQd
"""CARÇIOĞLU Group"" MMC -nin məhsulların... - Carçıyevlər ...","Carçıoğlu Group. Hər ab-havaya uyğun içkilər bizdə   Baku, Azerbaijan +994(55) 505 15 99 +994 (55) 505 15 38 #carchioglugroup www.carchioglu.com.",/url?q=https://www.facebook.com/Carcioglu/posts/car%25C3%25A7io%25C4%259Flu-group-mmc-nin-m%25C9%2599hsullar%25C4%25B1n-b%25C9%2599zil%25C9%2599ri/963352357171143/&sa=U&ved=2ahUKEwiP1YDI3PDrAhXKxTgGHQQYCwAQFjALegQIAxAB&usg=AOvVaw008JBMnyPftFEnN35CIuFR
"""Carçıoğlu GROUP”un elektrod zavodunda işlər sürətlə davam edir ...","""CARÇIOĞLU Group"" MMC -nin məhsulların bəziləri.",/url?q=https://marja.az/news/20177&sa=U&ved=2ahUKEwiP1YDI3PDrAhXKxTgGHQQYCwAQFjAMegQIBBAB&usg=AOvVaw3i1S8QJtrWX3Ziyg0QCVzP
“Carçıoğlu Group” MMC Archives - Muhasibat.Az,"Qazax rayonunda ""Carçıoğlu GROUP” MMC tərəfindən elektrod zavodu tikilir. "" Marja"" xəbər verir ki, Qazax rayon İcra Hakimiyyətinin başçısı ...",/url?q=https://muhasibat.az/tag/carcioglu-group-mmc/&sa=U&ved=2ahUKEwiP1YDI3PDrAhXKxTgGHQQYCwAQFjANegQIAhAB&usg=AOvVaw2-WrdtCgksKb8A6Lfsz_Cp
“Carçıoğlu”nun yeni zavodu açılışa hazırdır – FOTOLAR – Yenicag.Az,Vakansiya: Mühasib İşəgötürən: Carçıoğlu Group MMC Şəhər: Bakı Yaş: 24 – 30 yaş Cins: Fərqi yoxdur Təhsil: Ali İş təcrübəsi: 1 ildən 3 ilə qədər Əlaqədar ...,/url?q=https://yenicag.az/carcioglunun-yeni-zavodu-acilisa-hazirdir-fotolar/&sa=U&ved=2ahUKEwiP1YDI3PDrAhXKxTgGHQQYCwAQFjAUegQIBxAB&usg=AOvVaw1zi8nzFFnPc4ai_qW5K4dL
Socar,"Azərbaycan Respublikası Dövlət Neft Şirkəti (SOCAR) Azərbaycan ərazisindəki neft və qaz yataqlarının axtarışı, kəşfiyyatı və işlənməsi, neftin, qazın və qaz ...",/url?q=http://www.socar.az/&sa=U&ved=2ahUKEwi3joHI3PDrAhUYwzgGHUbTB34QFjAAegQIBxAB&usg=AOvVaw1TN8mU6qP1VVN74edG3Bmy
KARYERA · SOCAR,SOCAR həyata keçirdiyi sosial və ictimai proqramlardan qürur duyur. Saytımızın bu bölməsində həyata keçirdiyimiz öhdəliklər haqda ətraflı məlumat əldə etmək ...,/url?q=http://85.132.26.15/socar/az/careers/career-at-socar/career-development&sa=U&ved=2ahUKEwi3joHI3PDrAhUYwzgGHUbTB34QFjAKegQIAhAB&usg=AOvVaw0BXCpK4XPelf6jIooFMQEj
SOCAR - Home | Facebook,"SOCAR, Baku, Azerbaijan. 98K likes. Azərbaycan Respublikası Dövlət Neft Şirkətinin rəsmi səhifəsi. Official page of the State Oil Company of Azerbaijan...",/url?q=https://www.facebook.com/SOCARofficial/&sa=U&ved=2ahUKEwi3joHI3PDrAhUYwzgGHUbTB34QFjALegQIBhAB&usg=AOvVaw3aEu1mKgoIXNLAT9dCwTj3
Azərbaycan Respublikası Dövlət Neft Şirkəti — Vikipediya,"SOCAR) — dünyanın ən böyük milli neft şirkətlərindən biridir. Neftin çıxarılması, daşınması, emalı və istehlakında olduğu üçün inteqrasiya olunmuş şirkətdir.",/url?q=https://az.wikipedia.org/wiki/Az%25C9%2599rbaycan_Respublikas%25C4%25B1_D%25C3%25B6vl%25C9%2599t_Neft_%25C5%259Eirk%25C9%2599ti&sa=U&ved=2ahUKEwi3joHI3PDrAhUYwzgGHUbTB34QFjAMegQIBRAB&usg=AOvVaw3oBm6gYZcR44G8nSAvVCjZ
CV göndər - SOCAR AQŞ ::,Nə üçün SOCAR-AQŞ? SOCAR-AQŞ-də karyera · Təhlükəsizlik mədəniyyəti · İşçilərin təkmilləşdirilməsi · İmtiyaz və üstünlüklər · CV göndər · Baş səhifə ...,/url?q=http://www.socar-aqs.com/az/career/apply-cv&sa=U&ved=2ahUKEwi3joHI3PDrAhUYwzgGHUbTB34QFjARegQIAxAB&usg=AOvVaw1dXobL4A9jl6vekyRmxYsZ
Əlaqə - SOCAR AQŞ,: ,/url?q=http://www.socar-aqs.com/az/view-page/94/%25C6%258Flaq%25C9%2599&sa=U&ved=2ahUKEwi3joHI3PDrAhUYwzgGHUbTB34QFjAcegQIBBAB&usg=AOvVaw3hldyHjv662zHquUjVSu1x
SOCAR Türkiye - Anasayfa,: ,/url?q=http://www.socar.com.tr/&sa=U&ved=2ahUKEwi3joHI3PDrAhUYwzgGHUbTB34QFjAdegQICBAB&usg=AOvVaw1vpEA5tS-do46d8Y1D7hNu
